solution_value,optimality_gap,execution_time
9642.0,1.6686372121966397,600.0213310718536
