solution_value,optimality_gap,execution_time
20841.0,7.941653471522479,600.0620808601379
