solution_value,optimality_gap,execution_time
3374.0,0.3770005927682276,600.0057818889618
