solution_value,optimality_gap,execution_time
2755.0,0.3600725952813067,600.0150299072266
