solution_value,optimality_gap,execution_time
9617.0,1.9179577830924404,600.050726890564
