solution_value,optimality_gap,execution_time
24214.0,6.757908647889651,600.0847120285034
