solution_value,optimality_gap,execution_time
9640.0,1.9270746887966805,600.027086019516
