solution_value,optimality_gap,execution_time
2664.0,0.5187687687687688,600.0063300132751
