solution_value,optimality_gap,execution_time
20155.0,6.633242371619946,600.0696849822998
